name,price
Terra Mystica,
Through the Ages: A Story of Civilization,
Puerto Rico,
Agricola,
Android: Netrunner,
Mage Knight Board Game,
Eclipse,
7 Wonders,
Race for the Galaxy,
Dominant Species,
Battlestar Galactica,
Lords of Waterdeep,
The Resistance: Avalon,
Mage Wars,
Descent: Journeys in the Dark (Second Edition),
Ora et Labora,
Pandemic,
Stone Age,
Five Tribes,43.54
Splendor,
The Lord of the Rings: The Card Game,
Space Alert,
Village,
The Resistance,
Love Letter,
Mice and Mystics,
Sentinels of the Multiverse,
Mansions of Madness,
Takenoko,
King of New York,30.49
Coup,
Citadels,
Libertalia,29.39
Formula D,
Betrayal at House on the Hill,
Smash Up,17.65
Smash Up: Science Fiction Double Feature Expansion,14.60
Dungeons & Dragons: Castle Ravenloft Board Game,
Haggis,
Shadow Hunters,
Ca$h 'n Gun$,
Saboteur,
Timeline: Inventions,
Campaign Manager 2008,
The Red Dragon Inn